{
	"id": "65f0b1f0-1d66-4949-8e40-bec33dce52db",
	"name": "HighRadius Training",
	"values": [
		{
			"key": "HRC_SERVLET_IP",
			"value": "192.168.0.118",
			"type": "default",
			"enabled": true
		},
		{
			"key": "HRC_SERVLET_PORT",
			"value": "280",
			"type": "default",
			"enabled": true
		},
		{
			"key": "HRC_SERVLET_CONTEXT",
			"value": "/",
			"type": "default",
			"enabled": true
		},
		{
			"key": "HRC_FLASK_IP",
			"value": "192.168.0.134",
			"type": "default",
			"enabled": true
		},
		{
			"key": "HRC_FLASK_PORT",
			"value": "5000",
			"type": "default",
			"enabled": true
		}
	],
	"_postman_variable_scope": "environment",
	"_postman_exported_at": "2022-04-11T11:27:23.758Z",
	"_postman_exported_using": "Postman/9.12.2-canary"
}